<?xml version="1.0" encoding="utf-8"?>
<extension type = "plugin" version = "3.8" group = "extension" method = "upgrade">
    <name>PLG_BEARSONSAVE</name>
    <creationDate>10-Mar-20</creationDate>
    <author>Bear</author>
    <authorEmail>sales@hallhome.us</authorEmail>
    <authorUrl>http://hallhome.us</authorUrl>
    <copyright>A copyright</copyright>
    <license>GNU General Public License version 2 or later; see LICENSE.txt</license>
    <version>j39.2020.03.10</version>
    <description>PLG_BEARSONSAVE_XML_DESCRIPTION</description>

    <!-- Scripts to run on installation -->
    <!--  <scriptfile></scriptfile> -->

    <!-- Plugin files -->
    <files>
        <filename plugin = "bearsonsave">bearsonsave.php</filename>
        <folder>language</folder>
        <folder>vendor</folder>
        <filename>LICENSE</filename>
    </files>

    <!-- Config parameter -->
    <config>
        <fields name = "params">
            <fieldset name = "basic">
                <field
                        name = "Minify"
                        type = "radio"
                        default = ""
                        class = "btn-group btn-group-yesno"
                        label = "PLG_BEARSONSAVE_DO_MINIMIZE_LABEL"
                        description = "PLG_BEARSONSAVE_DO_MINIMIZE_DESC"
                >
                    <option value = "1">JYES</option>
                    <option value = "">JNO</option>
                </field>
                <field
                        name = "paramsFile"
                        type = "text"
                        default = "params.php"
                        class = "input-sm"
                        label = "PLG_BEARSONSAVE_PARAMS_FILE_LABEL"
                        description = "PLG_BEARSONSAVE_PARAMS_FILE_DESC"
                >
                </field>
                <field
                        name = "cssIn"
                        type = "text"
                        default = "bos.css"
                        class = "input-sm"
                        label = "PLG_BEARSONSAVE_CSS_FILE_LABEL"
                        description = "PLG_BEARSONSAVE_CSS_FILE_DESC"
                >
                </field>
                <field
                        name = "variableName"
                        type = "text"
                        default = "css"
                        required = "true"
                        class = "input-sm"
                        label = "PLG_BEARSONSAVE_VARIABLE_LABEL"
                        description = "PLG_BEARSONSAVE_VARIABLE_DESC"
                >
                </field>
            </fieldset>
        </fields>
    </config>

    <!-- Update servers -->
    <updateservers>
        <server type = "extension" priority = "1" name = "bearsonsave">https://www.example.com/plg_bearsonsave.xml
        </server>
    </updateservers>
</extension>
